kind	target	arm	shared_hit	shared_read	exec_ms
none	1	A	17299	0	83.001
dv	0.1	A	28718	0	138.353
dv	0.1	B	96019	0	343.991
dv	0.1	C	89888	0	225.988
dv	0.1	D	162721	0	3437.432
dv	0.01	A	27449	0	136.555
dv	0.01	B	19901	0	72.256
dv	0.01	C	13770	0	48.651
dv	0.01	D	86603	0	231.617
dv	0.001	A	12227	0	56.522
dv	0.001	B	11067	0	31.328
dv	0.001	C	4936	0	13.459
dv	0.001	D	77768	0	127.579
dv	0.0001	A	10455	0	46.035
dv	0.0001	B	10170	0	28.332
dv	0.0001	C	4039	0	9.526
dv	0.0001	D	76868	0	113.148
lex	0.1	A	24397	0	129.017
lex	0.1	B	92309	0	305.128
lex	0.1	C	86178	0	181.102
lex	0.1	D	159011	0	3201.059
lex	0.01	A	23783	0	129.678
lex	0.01	B	16163	0	59.630
lex	0.01	C	10032	0	34.452
lex	0.01	D	82865	0	222.684
lex	0.001	A	8411	0	48.901
lex	0.001	B	7202	0	23.745
lex	0.001	C	1071	0	4.992
lex	0.001	D	73903	0	119.699
lex	0.0001	A	6534	0	37.126
lex	0.0001	B	6265	0	19.367
lex	0.0001	C	134	0	0.924
lex	0.0001	D	72944	0	105.056
