kind	target	qid	A_eq_D	D_tie	B_eq_C	B_tie	AB_overlap	Anorm_eq_D
dv	0.1	1	1	0	1	0	10/10	0
dv	0.1	2	1	0	1	0	10/10	0
dv	0.1	3	1	0	1	0	10/10	0
dv	0.1	4	1	0	1	0	10/10	0
dv	0.1	5	1	0	1	0	10/10	0
dv	0.1	6	1	0	1	0	9/10	0
dv	0.1	7	1	0	1	0	10/10	0
dv	0.1	8	1	0	1	0	9/10	0
dv	0.1	9	1	0	1	0	10/10	0
dv	0.1	10	1	0	1	0	10/10	0
dv	0.1	11	1	0	1	0	10/10	0
dv	0.1	12	1	0	1	0	10/10	0
dv	0.1	13	1	0	1	0	10/10	0
dv	0.1	14	1	0	1	0	9/10	0
dv	0.1	15	1	0	1	0	10/10	0
dv	0.1	16	1	0	1	0	10/10	0
dv	0.1	17	1	0	1	0	10/10	0
dv	0.1	18	1	0	1	0	10/10	0
dv	0.1	19	1	0	1	0	10/10	0
dv	0.1	20	1	0	1	0	9/10	0
dv	0.1	21	1	0	1	0	9/10	0
dv	0.1	22	1	0	1	0	10/10	0
dv	0.1	23	1	0	1	0	10/10	0
dv	0.1	24	1	0	1	0	10/10	0
dv	0.1	25	1	0	1	0	10/10	0
dv	0.01	1	1	0	1	0	9/10	0
dv	0.01	2	1	0	1	0	9/10	0
dv	0.01	3	1	0	1	0	10/10	0
dv	0.01	4	1	0	1	0	10/10	0
dv	0.01	5	1	0	1	0	10/10	0
dv	0.01	6	1	0	1	0	10/10	0
dv	0.01	7	1	0	1	0	9/10	0
dv	0.01	8	1	0	1	0	10/10	0
dv	0.01	9	1	0	1	0	10/10	0
dv	0.01	10	1	0	1	0	9/10	0
dv	0.01	11	1	0	1	0	10/10	0
dv	0.01	12	1	0	1	0	10/10	0
dv	0.01	13	1	0	1	0	10/10	0
dv	0.01	14	1	0	1	0	10/10	0
dv	0.01	15	1	0	1	0	10/10	0
dv	0.01	16	1	0	1	0	10/10	0
dv	0.01	17	1	0	1	0	10/10	0
dv	0.01	18	1	0	1	0	9/10	0
dv	0.01	19	1	0	1	0	10/10	0
dv	0.01	20	1	0	1	0	9/10	0
dv	0.01	21	1	0	1	0	10/10	0
dv	0.01	22	1	0	1	0	9/10	1
dv	0.01	23	1	0	1	0	10/10	0
dv	0.01	24	1	0	1	0	10/10	0
dv	0.01	25	1	0	1	0	9/10	0
dv	0.001	1	1	0	1	0	9/10	1
dv	0.001	2	1	0	1	0	10/10	0
dv	0.001	3	1	0	1	0	9/10	0
dv	0.001	4	1	0	1	0	9/10	0
dv	0.001	5	1	0	1	0	10/10	0
dv	0.001	6	1	0	1	0	10/10	0
dv	0.001	7	1	0	1	0	10/10	0
dv	0.001	8	1	0	1	0	10/10	0
dv	0.001	9	1	0	1	0	10/10	0
dv	0.001	10	1	0	1	0	10/10	0
dv	0.001	11	1	0	1	0	10/10	1
dv	0.001	12	1	0	1	0	10/10	0
dv	0.001	13	1	0	1	0	10/10	0
dv	0.001	14	1	0	1	0	9/10	0
dv	0.001	15	1	0	1	0	9/10	0
dv	0.001	16	1	0	1	0	9/10	0
dv	0.001	17	1	0	1	0	9/10	0
dv	0.001	18	1	0	1	0	10/10	0
dv	0.001	19	1	0	1	0	10/10	0
dv	0.001	20	1	0	1	0	10/10	0
dv	0.001	21	1	0	1	0	9/10	0
dv	0.001	22	1	0	1	0	10/10	1
dv	0.001	23	1	0	1	0	7/10	1
dv	0.001	24	1	0	1	0	9/10	1
dv	0.001	25	1	0	1	0	9/10	0
dv	0.0001	1	1	0	1	0	9/10	1
dv	0.0001	2	1	0	1	0	10/10	0
dv	0.0001	3	1	0	1	0	9/10	1
dv	0.0001	4	1	0	1	0	10/10	1
dv	0.0001	5	1	0	1	0	10/10	0
dv	0.0001	6	1	0	1	0	9/10	1
dv	0.0001	7	1	0	1	0	10/10	1
dv	0.0001	8	1	0	1	0	9/10	1
dv	0.0001	9	1	0	1	0	10/10	1
dv	0.0001	10	1	0	1	0	10/10	1
dv	0.0001	11	1	0	1	0	10/10	1
dv	0.0001	12	1	0	1	0	9/10	0
dv	0.0001	13	1	0	1	0	10/10	1
dv	0.0001	14	1	0	1	0	8/10	1
dv	0.0001	15	1	0	1	0	10/10	1
dv	0.0001	16	1	0	1	0	10/10	0
dv	0.0001	17	1	0	1	0	9/10	0
dv	0.0001	18	1	0	1	0	9/10	1
dv	0.0001	19	1	0	1	0	10/10	0
dv	0.0001	20	1	0	1	0	8/10	1
dv	0.0001	21	1	0	1	0	10/10	1
dv	0.0001	22	1	0	1	0	9/10	1
dv	0.0001	23	1	0	1	0	9/10	1
dv	0.0001	24	1	0	1	0	10/10	0
dv	0.0001	25	1	0	1	0	10/10	1
lex	0.1	1	1	0	1	0	10/10	0
lex	0.1	2	1	0	1	0	10/10	0
lex	0.1	3	1	0	1	0	10/10	0
lex	0.1	4	1	0	1	0	10/10	0
lex	0.1	5	1	0	1	0	10/10	0
lex	0.1	6	1	0	1	0	10/10	0
lex	0.1	7	1	0	1	0	9/10	0
lex	0.1	8	1	0	1	0	9/10	0
lex	0.1	9	1	0	1	0	10/10	0
lex	0.1	10	1	0	1	0	10/10	0
lex	0.1	11	1	0	1	0	10/10	0
lex	0.1	12	1	0	1	0	10/10	0
lex	0.1	13	1	0	1	0	10/10	0
lex	0.1	14	1	0	1	0	9/10	0
lex	0.1	15	1	0	1	0	10/10	0
lex	0.1	16	1	0	1	0	10/10	0
lex	0.1	17	1	0	1	0	10/10	0
lex	0.1	18	1	0	1	0	10/10	0
lex	0.1	19	1	0	1	0	10/10	0
lex	0.1	20	1	0	1	0	10/10	0
lex	0.1	21	1	0	1	0	9/10	0
lex	0.1	22	1	0	1	0	9/10	0
lex	0.1	23	1	0	1	0	10/10	0
lex	0.1	24	1	0	1	0	10/10	0
lex	0.1	25	1	0	1	0	10/10	0
lex	0.01	1	1	0	1	0	9/10	0
lex	0.01	2	1	0	1	0	10/10	0
lex	0.01	3	1	0	1	0	10/10	0
lex	0.01	4	1	0	1	0	10/10	0
lex	0.01	5	1	0	1	0	10/10	0
lex	0.01	6	1	0	1	0	10/10	0
lex	0.01	7	1	0	1	0	10/10	0
lex	0.01	8	1	0	1	0	10/10	0
lex	0.01	9	1	0	1	0	10/10	0
lex	0.01	10	1	0	1	0	10/10	0
lex	0.01	11	1	0	1	0	9/10	0
lex	0.01	12	1	0	1	0	10/10	0
lex	0.01	13	1	0	1	0	9/10	0
lex	0.01	14	1	0	1	0	10/10	0
lex	0.01	15	1	0	1	0	10/10	0
lex	0.01	16	1	0	1	0	10/10	0
lex	0.01	17	1	0	1	0	10/10	0
lex	0.01	18	1	0	1	0	10/10	0
lex	0.01	19	1	0	1	0	10/10	0
lex	0.01	20	1	0	1	0	10/10	0
lex	0.01	21	1	0	1	0	10/10	0
lex	0.01	22	1	0	1	0	10/10	0
lex	0.01	23	1	0	1	0	10/10	0
lex	0.01	24	1	0	1	0	9/10	0
lex	0.01	25	1	0	1	0	9/10	0
lex	0.001	1	1	0	1	0	9/10	0
lex	0.001	2	1	0	1	0	10/10	0
lex	0.001	3	1	0	1	0	10/10	0
lex	0.001	4	1	0	1	0	10/10	0
lex	0.001	5	1	0	1	0	10/10	0
lex	0.001	6	1	0	1	0	10/10	1
lex	0.001	7	1	0	1	0	10/10	0
lex	0.001	8	1	0	1	0	9/10	0
lex	0.001	9	1	0	1	0	10/10	0
lex	0.001	10	1	0	1	0	10/10	0
lex	0.001	11	1	0	1	0	9/10	1
lex	0.001	12	1	0	1	0	10/10	0
lex	0.001	13	1	0	1	0	9/10	0
lex	0.001	14	1	0	1	0	8/10	1
lex	0.001	15	1	0	1	0	9/10	0
lex	0.001	16	1	0	1	0	10/10	0
lex	0.001	17	1	0	1	0	10/10	0
lex	0.001	18	1	0	1	0	9/10	1
lex	0.001	19	1	0	1	0	10/10	0
lex	0.001	20	1	0	1	0	10/10	0
lex	0.001	21	1	0	1	0	8/10	1
lex	0.001	22	1	0	1	0	9/10	1
lex	0.001	23	1	0	1	0	9/10	1
lex	0.001	24	1	0	1	0	9/10	0
lex	0.001	25	1	0	1	0	10/10	0
lex	0.0001	1	1	0	1	0	10/10	1
lex	0.0001	2	1	0	1	0	9/10	0
lex	0.0001	3	1	0	1	0	10/10	0
lex	0.0001	4	1	0	1	0	9/10	1
lex	0.0001	5	1	0	1	0	10/10	0
lex	0.0001	6	1	0	1	0	10/10	1
lex	0.0001	7	1	0	1	0	10/10	0
lex	0.0001	8	1	0	1	0	9/10	1
lex	0.0001	9	1	0	1	0	9/10	0
lex	0.0001	10	1	0	1	0	9/10	0
lex	0.0001	11	1	0	1	0	10/10	1
lex	0.0001	12	1	0	1	0	10/10	0
lex	0.0001	13	1	0	1	0	10/10	1
lex	0.0001	14	1	0	1	0	9/10	1
lex	0.0001	15	1	0	1	0	10/10	0
lex	0.0001	16	1	0	1	0	10/10	0
lex	0.0001	17	1	0	1	0	9/10	1
lex	0.0001	18	1	0	1	0	8/10	1
lex	0.0001	19	1	0	1	0	9/10	0
lex	0.0001	20	1	0	1	0	9/10	1
lex	0.0001	21	1	0	1	0	8/10	1
lex	0.0001	22	1	0	1	0	9/10	1
lex	0.0001	23	1	0	1	0	10/10	1
lex	0.0001	24	1	0	1	0	9/10	0
lex	0.0001	25	1	0	1	0	9/10	0
