db	kind	target	rows	sel	arm	slot	p50_ms	p99_ms	queries
fiqa	none	1	57600	1.000000	A	1	12.001	15.786	25
fiqa	none	1	57600	1.000000	A	2	11.880	15.829	25
fiqa	none	1	57600	1.000000	B	1	174.157	192.880	25
fiqa	none	1	57600	1.000000	B	2	168.358	192.286	25
fiqa	none	1	57600	1.000000	C	1	370.199	395.048	25
fiqa	none	1	57600	1.000000	C	2	369.924	395.077	25
fiqa	none	1	57600	1.000000	D	1	976.614	994.384	25
fiqa	none	1	57600	1.000000	D	2	974.814	1004.165	25
fiqa	dv	0.1	5760	0.100000	A	1	9.268	11.037	25
fiqa	dv	0.1	5760	0.100000	A	2	9.370	11.328	25
fiqa	dv	0.1	5760	0.100000	B	1	40.135	60.012	25
fiqa	dv	0.1	5760	0.100000	B	2	38.948	58.512	25
fiqa	dv	0.1	5760	0.100000	C	1	39.200	42.343	25
fiqa	dv	0.1	5760	0.100000	C	2	38.504	43.560	25
fiqa	dv	0.1	5760	0.100000	D	1	67.545	89.354	25
fiqa	dv	0.1	5760	0.100000	D	2	68.813	88.927	25
fiqa	dv	0.01	576	0.010000	A	1	5.259	5.675	25
fiqa	dv	0.01	576	0.010000	A	2	5.274	5.777	25
fiqa	dv	0.01	576	0.010000	B	1	24.856	40.990	25
fiqa	dv	0.01	576	0.010000	B	2	25.767	41.145	25
fiqa	dv	0.01	576	0.010000	C	1	4.119	4.374	25
fiqa	dv	0.01	576	0.010000	C	2	4.124	4.353	25
fiqa	dv	0.01	576	0.010000	D	1	29.248	45.349	25
fiqa	dv	0.01	576	0.010000	D	2	30.130	46.258	25
fiqa	dv	0.001	58	0.001007	A	1	2.311	2.523	25
fiqa	dv	0.001	58	0.001007	A	2	2.285	2.516	25
fiqa	dv	0.001	58	0.001007	B	1	22.830	39.505	25
fiqa	dv	0.001	58	0.001007	B	2	23.829	39.637	25
fiqa	dv	0.001	58	0.001007	C	1	0.617	0.667	25
fiqa	dv	0.001	58	0.001007	C	2	0.620	0.649	25
fiqa	dv	0.001	58	0.001007	D	1	26.144	42.263	25
fiqa	dv	0.001	58	0.001007	D	2	26.751	41.294	25
fiqa	dv	0.0001	6	0.000104	A	1	14.242	17.938	25
fiqa	dv	0.0001	6	0.000104	A	2	14.295	16.580	25
fiqa	dv	0.0001	6	0.000104	B	1	22.639	38.144	25
fiqa	dv	0.0001	6	0.000104	B	2	23.568	38.995	25
fiqa	dv	0.0001	6	0.000104	C	1	0.254	0.285	25
fiqa	dv	0.0001	6	0.000104	C	2	0.253	0.283	25
fiqa	dv	0.0001	6	0.000104	D	1	25.229	41.471	25
fiqa	dv	0.0001	6	0.000104	D	2	25.284	42.323	25
fiqa	lex	0.1	5711	0.099149	A	1	9.938	11.692	25
fiqa	lex	0.1	5711	0.099149	A	2	9.960	11.665	25
fiqa	lex	0.1	5711	0.099149	B	1	34.836	51.794	25
fiqa	lex	0.1	5711	0.099149	B	2	36.531	50.448	25
fiqa	lex	0.1	5711	0.099149	C	1	54.642	56.499	25
fiqa	lex	0.1	5711	0.099149	C	2	54.026	57.663	25
fiqa	lex	0.1	5711	0.099149	D	1	56.836	74.418	25
fiqa	lex	0.1	5711	0.099149	D	2	58.026	73.532	25
fiqa	lex	0.01	576	0.010000	A	1	5.203	5.724	25
fiqa	lex	0.01	576	0.010000	A	2	5.210	5.814	25
fiqa	lex	0.01	576	0.010000	B	1	24.128	39.335	25
fiqa	lex	0.01	576	0.010000	B	2	24.144	39.716	25
fiqa	lex	0.01	576	0.010000	C	1	5.364	5.694	25
fiqa	lex	0.01	576	0.010000	C	2	5.396	5.675	25
fiqa	lex	0.01	576	0.010000	D	1	28.992	45.964	25
fiqa	lex	0.01	576	0.010000	D	2	29.070	46.409	25
fiqa	lex	0.001	58	0.001007	A	1	2.144	2.307	25
fiqa	lex	0.001	58	0.001007	A	2	2.137	2.308	25
fiqa	lex	0.001	58	0.001007	B	1	22.710	36.775	25
fiqa	lex	0.001	58	0.001007	B	2	22.893	37.804	25
fiqa	lex	0.001	58	0.001007	C	1	0.576	0.640	25
fiqa	lex	0.001	58	0.001007	C	2	0.582	0.660	25
fiqa	lex	0.001	58	0.001007	D	1	25.530	41.625	25
fiqa	lex	0.001	58	0.001007	D	2	25.433	41.784	25
fiqa	lex	0.0001	6	0.000104	A	1	261.182	261.670	25
fiqa	lex	0.0001	6	0.000104	A	2	261.101	261.954	25
fiqa	lex	0.0001	6	0.000104	B	1	22.724	38.970	25
fiqa	lex	0.0001	6	0.000104	B	2	22.640	37.254	25
fiqa	lex	0.0001	6	0.000104	C	1	0.056	0.071	25
fiqa	lex	0.0001	6	0.000104	C	2	0.056	0.065	25
fiqa	lex	0.0001	6	0.000104	D	1	25.004	40.378	25
fiqa	lex	0.0001	6	0.000104	D	2	25.034	40.835	25
