kind	target	arm	slot	qid	median_ms	nreps
none	1	A	1	1	60.930	5
dv	0.1	A	1	1	116.928	5
dv	0.1	B	1	1	230.070	5
dv	0.1	C	1	1	166.258	5
dv	0.1	D	1	1	3265.752	5
dv	0.01	A	1	1	110.219	5
dv	0.01	B	1	1	31.096	5
dv	0.01	C	1	1	23.740	5
dv	0.01	D	1	1	173.621	5
dv	0.001	A	1	1	37.854	5
dv	0.001	B	1	1	11.712	5
dv	0.001	C	1	1	5.091	5
dv	0.001	D	1	1	85.448	5
dv	0.0001	A	1	1	28.808	5
dv	0.0001	B	1	1	8.585	5
dv	0.0001	C	1	1	4.078	5
dv	0.0001	D	1	1	71.314	5
lex	0.1	A	1	1	107.249	5
lex	0.1	B	1	1	198.309	5
lex	0.1	C	1	1	128.109	5
lex	0.1	D	1	1	3245.621	5
lex	0.01	A	1	1	104.305	5
lex	0.01	B	1	1	25.589	5
lex	0.01	C	1	1	10.268	5
lex	0.01	D	1	1	165.054	5
lex	0.001	A	1	1	31.485	5
lex	0.001	B	1	1	5.192	5
lex	0.001	C	1	1	0.966	5
lex	0.001	D	1	1	76.110	5
lex	0.0001	A	1	1	22.639	5
lex	0.0001	B	1	1	4.008	5
lex	0.0001	C	1	1	0.084	5
lex	0.0001	D	1	1	67.981	5
none	1	A	2	1	60.459	5
dv	0.1	A	2	1	116.962	5
dv	0.1	B	2	1	228.135	5
dv	0.1	C	2	1	167.581	5
dv	0.1	D	2	1	3253.805	5
dv	0.01	A	2	1	110.792	5
dv	0.01	B	2	1	30.501	5
dv	0.01	C	2	1	18.892	5
dv	0.01	D	2	1	173.198	5
dv	0.001	A	2	1	37.312	5
dv	0.001	B	2	1	11.496	5
dv	0.001	C	2	1	5.401	5
dv	0.001	D	2	1	84.287	5
dv	0.0001	A	2	1	28.203	5
dv	0.0001	B	2	1	8.764	5
dv	0.0001	C	2	1	4.041	5
dv	0.0001	D	2	1	71.714	5
lex	0.1	A	2	1	108.186	5
lex	0.1	B	2	1	196.766	5
lex	0.1	C	2	1	127.824	5
lex	0.1	D	2	1	3191.535	5
lex	0.01	A	2	1	104.744	5
lex	0.01	B	2	1	27.943	5
lex	0.01	C	2	1	10.954	5
lex	0.01	D	2	1	166.167	5
lex	0.001	A	2	1	31.316	5
lex	0.001	B	2	1	4.771	5
lex	0.001	C	2	1	0.960	5
lex	0.001	D	2	1	78.809	5
lex	0.0001	A	2	1	22.662	5
lex	0.0001	B	2	1	3.940	5
lex	0.0001	C	2	1	0.084	5
lex	0.0001	D	2	1	67.332	5
none	1	A	1	2	86.983	5
dv	0.1	A	1	2	68.531	5
dv	0.1	B	1	2	297.525	5
dv	0.1	C	1	2	166.939	5
dv	0.1	D	1	2	3303.906	5
dv	0.01	A	1	2	51.980	5
dv	0.01	B	1	2	92.381	5
dv	0.01	C	1	2	22.860	5
dv	0.01	D	1	2	241.033	5
dv	0.001	A	1	2	38.028	5
dv	0.001	B	1	2	69.842	5
dv	0.001	C	1	2	5.084	5
dv	0.001	D	1	2	151.078	5
dv	0.0001	A	1	2	28.599	5
dv	0.0001	B	1	2	65.360	5
dv	0.0001	C	1	2	4.007	5
dv	0.0001	D	1	2	129.254	5
lex	0.1	A	1	2	61.289	5
lex	0.1	B	1	2	262.240	5
lex	0.1	C	1	2	128.483	5
lex	0.1	D	1	2	3237.215	5
lex	0.01	A	1	2	46.956	5
lex	0.01	B	1	2	86.728	5
lex	0.01	C	1	2	13.632	5
lex	0.01	D	1	2	232.250	5
lex	0.001	A	1	2	32.073	5
lex	0.001	B	1	2	57.848	5
lex	0.001	C	1	2	1.037	5
lex	0.001	D	1	2	144.614	5
lex	0.0001	A	1	2	23.048	5
lex	0.0001	B	1	2	59.150	5
lex	0.0001	C	1	2	0.084	5
lex	0.0001	D	1	2	133.429	5
none	1	A	2	2	87.406	5
dv	0.1	A	2	2	67.430	5
dv	0.1	B	2	2	294.641	5
dv	0.1	C	2	2	166.402	5
dv	0.1	D	2	2	3311.373	5
dv	0.01	A	2	2	51.480	5
dv	0.01	B	2	2	88.781	5
dv	0.01	C	2	2	25.041	5
dv	0.01	D	2	2	239.825	5
dv	0.001	A	2	2	38.114	5
dv	0.001	B	2	2	69.960	5
dv	0.001	C	2	2	4.981	5
dv	0.001	D	2	2	149.431	5
dv	0.0001	A	2	2	28.215	5
dv	0.0001	B	2	2	64.361	5
dv	0.0001	C	2	2	4.210	5
dv	0.0001	D	2	2	127.230	5
lex	0.1	A	2	2	60.840	5
lex	0.1	B	2	2	260.388	5
lex	0.1	C	2	2	128.140	5
lex	0.1	D	2	2	3177.404	5
lex	0.01	A	2	2	46.769	5
lex	0.01	B	2	2	86.757	5
lex	0.01	C	2	2	9.867	5
lex	0.01	D	2	2	231.746	5
lex	0.001	A	2	2	31.710	5
lex	0.001	B	2	2	59.989	5
lex	0.001	C	2	2	0.996	5
lex	0.001	D	2	2	146.197	5
lex	0.0001	A	2	2	23.143	5
lex	0.0001	B	2	2	57.750	5
lex	0.0001	C	2	2	0.084	5
lex	0.0001	D	2	2	132.239	5
none	1	A	1	3	61.473	5
dv	0.1	A	1	3	68.161	5
dv	0.1	B	1	3	282.843	5
dv	0.1	C	1	3	167.727	5
dv	0.1	D	1	3	3147.752	5
dv	0.01	A	1	3	54.412	5
dv	0.01	B	1	3	79.610	5
dv	0.01	C	1	3	24.199	5
dv	0.01	D	1	3	226.968	5
dv	0.001	A	1	3	37.213	5
dv	0.001	B	1	3	59.485	5
dv	0.001	C	1	3	5.008	5
dv	0.001	D	1	3	139.275	5
dv	0.0001	A	1	3	28.580	5
dv	0.0001	B	1	3	54.844	5
dv	0.0001	C	1	3	3.992	5
dv	0.0001	D	1	3	121.749	5
lex	0.1	A	1	3	62.576	5
lex	0.1	B	1	3	250.449	5
lex	0.1	C	1	3	131.406	5
lex	0.1	D	1	3	3273.411	5
lex	0.01	A	1	3	47.862	5
lex	0.01	B	1	3	75.787	5
lex	0.01	C	1	3	12.449	5
lex	0.01	D	1	3	219.544	5
lex	0.001	A	1	3	31.854	5
lex	0.001	B	1	3	51.662	5
lex	0.001	C	1	3	0.998	5
lex	0.001	D	1	3	132.088	5
lex	0.0001	A	1	3	23.083	5
lex	0.0001	B	1	3	46.612	5
lex	0.0001	C	1	3	0.085	5
lex	0.0001	D	1	3	122.479	5
none	1	A	2	3	62.150	5
dv	0.1	A	2	3	68.260	5
dv	0.1	B	2	3	281.795	5
dv	0.1	C	2	3	169.170	5
dv	0.1	D	2	3	3300.557	5
dv	0.01	A	2	3	53.233	5
dv	0.01	B	2	3	78.107	5
dv	0.01	C	2	3	22.495	5
dv	0.01	D	2	3	227.795	5
dv	0.001	A	2	3	39.371	5
dv	0.001	B	2	3	61.331	5
dv	0.001	C	2	3	5.073	5
dv	0.001	D	2	3	138.803	5
dv	0.0001	A	2	3	28.739	5
dv	0.0001	B	2	3	54.225	5
dv	0.0001	C	2	3	4.223	5
dv	0.0001	D	2	3	119.948	5
lex	0.1	A	2	3	64.009	5
lex	0.1	B	2	3	250.002	5
lex	0.1	C	2	3	132.405	5
lex	0.1	D	2	3	3312.690	5
lex	0.01	A	2	3	47.924	5
lex	0.01	B	2	3	75.570	5
lex	0.01	C	2	3	11.465	5
lex	0.01	D	2	3	221.272	5
lex	0.001	A	2	3	31.813	5
lex	0.001	B	2	3	52.058	5
lex	0.001	C	2	3	0.995	5
lex	0.001	D	2	3	134.478	5
lex	0.0001	A	2	3	22.735	5
lex	0.0001	B	2	3	46.481	5
lex	0.0001	C	2	3	0.084	5
lex	0.0001	D	2	3	123.173	5
none	1	A	1	4	88.821	5
dv	0.1	A	1	4	61.672	5
dv	0.1	B	1	4	267.078	5
dv	0.1	C	1	4	167.688	5
dv	0.1	D	1	4	3322.179	5
dv	0.01	A	1	4	68.067	5
dv	0.01	B	1	4	62.444	5
dv	0.01	C	1	4	23.924	5
dv	0.01	D	1	4	208.879	5
dv	0.001	A	1	4	37.689	5
dv	0.001	B	1	4	42.339	5
dv	0.001	C	1	4	5.150	5
dv	0.001	D	1	4	120.395	5
dv	0.0001	A	1	4	28.688	5
dv	0.0001	B	1	4	40.175	5
dv	0.0001	C	1	4	4.001	5
dv	0.0001	D	1	4	102.110	5
lex	0.1	A	1	4	58.256	5
lex	0.1	B	1	4	232.542	5
lex	0.1	C	1	4	127.848	5
lex	0.1	D	1	4	3307.318	5
lex	0.01	A	1	4	55.461	5
lex	0.01	B	1	4	61.364	5
lex	0.01	C	1	4	12.431	5
lex	0.01	D	1	4	200.584	5
lex	0.001	A	1	4	31.789	5
lex	0.001	B	1	4	32.338	5
lex	0.001	C	1	4	0.951	5
lex	0.001	D	1	4	114.152	5
lex	0.0001	A	1	4	22.840	5
lex	0.0001	B	1	4	32.841	5
lex	0.0001	C	1	4	0.083	5
lex	0.0001	D	1	4	103.261	5
none	1	A	2	4	88.865	5
dv	0.1	A	2	4	62.065	5
dv	0.1	B	2	4	264.145	5
dv	0.1	C	2	4	169.489	5
dv	0.1	D	2	4	3491.982	5
dv	0.01	A	2	4	67.318	5
dv	0.01	B	2	4	61.971	5
dv	0.01	C	2	4	22.081	5
dv	0.01	D	2	4	208.219	5
dv	0.001	A	2	4	37.790	5
dv	0.001	B	2	4	42.147	5
dv	0.001	C	2	4	4.978	5
dv	0.001	D	2	4	121.348	5
dv	0.0001	A	2	4	28.714	5
dv	0.0001	B	2	4	37.626	5
dv	0.0001	C	2	4	3.967	5
dv	0.0001	D	2	4	103.052	5
lex	0.1	A	2	4	57.424	5
lex	0.1	B	2	4	233.606	5
lex	0.1	C	2	4	128.331	5
lex	0.1	D	2	4	3149.942	5
lex	0.01	A	2	4	56.113	5
lex	0.01	B	2	4	61.267	5
lex	0.01	C	2	4	11.734	5
lex	0.01	D	2	4	201.563	5
lex	0.001	A	2	4	31.185	5
lex	0.001	B	2	4	33.541	5
lex	0.001	C	2	4	0.968	5
lex	0.001	D	2	4	113.411	5
lex	0.0001	A	2	4	23.021	5
lex	0.0001	B	2	4	31.523	5
lex	0.0001	C	2	4	0.088	5
lex	0.0001	D	2	4	101.602	5
none	1	A	1	5	108.993	5
dv	0.1	A	1	5	83.251	5
dv	0.1	B	1	5	324.153	5
dv	0.1	C	1	5	168.076	5
dv	0.1	D	1	5	3369.275	5
dv	0.01	A	1	5	52.581	5
dv	0.01	B	1	5	116.211	5
dv	0.01	C	1	5	21.860	5
dv	0.01	D	1	5	267.678	5
dv	0.001	A	1	5	38.877	5
dv	0.001	B	1	5	92.565	5
dv	0.001	C	1	5	5.203	5
dv	0.001	D	1	5	179.237	5
dv	0.0001	A	1	5	29.083	5
dv	0.0001	B	1	5	91.449	5
dv	0.0001	C	1	5	4.201	5
dv	0.0001	D	1	5	153.028	5
lex	0.1	A	1	5	75.912	5
lex	0.1	B	1	5	294.712	5
lex	0.1	C	1	5	131.506	5
lex	0.1	D	1	5	3224.539	5
lex	0.01	A	1	5	41.699	5
lex	0.01	B	1	5	116.594	5
lex	0.01	C	1	5	13.496	5
lex	0.01	D	1	5	262.438	5
lex	0.001	A	1	5	32.472	5
lex	0.001	B	1	5	85.553	5
lex	0.001	C	1	5	1.003	5
lex	0.001	D	1	5	174.279	5
lex	0.0001	A	1	5	23.026	5
lex	0.0001	B	1	5	83.587	5
lex	0.0001	C	1	5	0.082	5
lex	0.0001	D	1	5	163.486	5
none	1	A	2	5	109.032	5
dv	0.1	A	2	5	82.126	5
dv	0.1	B	2	5	325.316	5
dv	0.1	C	2	5	168.696	5
dv	0.1	D	2	5	3431.549	5
dv	0.01	A	2	5	50.031	5
dv	0.01	B	2	5	118.014	5
dv	0.01	C	2	5	24.897	5
dv	0.01	D	2	5	271.149	5
dv	0.001	A	2	5	39.772	5
dv	0.001	B	2	5	95.538	5
dv	0.001	C	2	5	5.226	5
dv	0.001	D	2	5	180.763	5
dv	0.0001	A	2	5	28.431	5
dv	0.0001	B	2	5	92.393	5
dv	0.0001	C	2	5	4.185	5
dv	0.0001	D	2	5	156.784	5
lex	0.1	A	2	5	75.212	5
lex	0.1	B	2	5	294.204	5
lex	0.1	C	2	5	130.398	5
lex	0.1	D	2	5	3227.552	5
lex	0.01	A	2	5	41.839	5
lex	0.01	B	2	5	115.056	5
lex	0.01	C	2	5	11.611	5
lex	0.01	D	2	5	260.170	5
lex	0.001	A	2	5	32.448	5
lex	0.001	B	2	5	84.497	5
lex	0.001	C	2	5	1.020	5
lex	0.001	D	2	5	174.652	5
lex	0.0001	A	2	5	23.300	5
lex	0.0001	B	2	5	81.701	5
lex	0.0001	C	2	5	0.083	5
lex	0.0001	D	2	5	164.077	5
none	1	A	1	6	100.076	5
dv	0.1	A	1	6	75.276	5
dv	0.1	B	1	6	239.899	5
dv	0.1	C	1	6	170.376	5
dv	0.1	D	1	6	3372.200	5
dv	0.01	A	1	6	112.293	5
dv	0.01	B	1	6	38.768	5
dv	0.01	C	1	6	23.452	5
dv	0.01	D	1	6	184.502	5
dv	0.001	A	1	6	37.876	5
dv	0.001	B	1	6	18.240	5
dv	0.001	C	1	6	4.894	5
dv	0.001	D	1	6	95.373	5
dv	0.0001	A	1	6	28.531	5
dv	0.0001	B	1	6	19.745	5
dv	0.0001	C	1	6	3.987	5
dv	0.0001	D	1	6	81.529	5
lex	0.1	A	1	6	67.941	5
lex	0.1	B	1	6	207.563	5
lex	0.1	C	1	6	129.688	5
lex	0.1	D	1	6	3229.835	5
lex	0.01	A	1	6	105.049	5
lex	0.01	B	1	6	35.698	5
lex	0.01	C	1	6	10.503	5
lex	0.01	D	1	6	176.598	5
lex	0.001	A	1	6	32.007	5
lex	0.001	B	1	6	10.876	5
lex	0.001	C	1	6	0.982	5
lex	0.001	D	1	6	89.580	5
lex	0.0001	A	1	6	22.973	5
lex	0.0001	B	1	6	9.379	5
lex	0.0001	C	1	6	0.084	5
lex	0.0001	D	1	6	78.442	5
none	1	A	2	6	99.500	5
dv	0.1	A	2	6	75.829	5
dv	0.1	B	2	6	241.114	5
dv	0.1	C	2	6	168.629	5
dv	0.1	D	2	6	3606.118	5
dv	0.01	A	2	6	111.059	5
dv	0.01	B	2	6	40.504	5
dv	0.01	C	2	6	24.287	5
dv	0.01	D	2	6	184.963	5
dv	0.001	A	2	6	37.281	5
dv	0.001	B	2	6	19.398	5
dv	0.001	C	2	6	4.998	5
dv	0.001	D	2	6	96.639	5
dv	0.0001	A	2	6	27.660	5
dv	0.0001	B	2	6	15.511	5
dv	0.0001	C	2	6	3.934	5
dv	0.0001	D	2	6	80.841	5
lex	0.1	A	2	6	67.209	5
lex	0.1	B	2	6	208.936	5
lex	0.1	C	2	6	129.791	5
lex	0.1	D	2	6	3214.278	5
lex	0.01	A	2	6	105.137	5
lex	0.01	B	2	6	34.552	5
lex	0.01	C	2	6	10.289	5
lex	0.01	D	2	6	176.834	5
lex	0.001	A	2	6	32.080	5
lex	0.001	B	2	6	10.441	5
lex	0.001	C	2	6	0.975	5
lex	0.001	D	2	6	87.991	5
lex	0.0001	A	2	6	22.806	5
lex	0.0001	B	2	6	9.529	5
lex	0.0001	C	2	6	0.089	5
lex	0.0001	D	2	6	76.522	5
none	1	A	1	7	138.137	5
dv	0.1	A	1	7	80.288	5
dv	0.1	B	1	7	274.625	5
dv	0.1	C	1	7	168.255	5
dv	0.1	D	1	7	3333.249	5
dv	0.01	A	1	7	57.609	5
dv	0.01	B	1	7	76.047	5
dv	0.01	C	1	7	24.417	5
dv	0.01	D	1	7	221.010	5
dv	0.001	A	1	7	37.555	5
dv	0.001	B	1	7	51.689	5
dv	0.001	C	1	7	5.032	5
dv	0.001	D	1	7	132.547	5
dv	0.0001	A	1	7	28.742	5
dv	0.0001	B	1	7	50.736	5
dv	0.0001	C	1	7	4.128	5
dv	0.0001	D	1	7	114.500	5
lex	0.1	A	1	7	71.511	5
lex	0.1	B	1	7	246.340	5
lex	0.1	C	1	7	128.584	5
lex	0.1	D	1	7	3280.839	5
lex	0.01	A	1	7	50.682	5
lex	0.01	B	1	7	71.609	5
lex	0.01	C	1	7	9.850	5
lex	0.01	D	1	7	214.144	5
lex	0.001	A	1	7	32.236	5
lex	0.001	B	1	7	48.958	5
lex	0.001	C	1	7	1.011	5
lex	0.001	D	1	7	126.546	5
lex	0.0001	A	1	7	23.237	5
lex	0.0001	B	1	7	37.374	5
lex	0.0001	C	1	7	0.084	5
lex	0.0001	D	1	7	115.241	5
none	1	A	2	7	139.256	5
dv	0.1	A	2	7	80.578	5
dv	0.1	B	2	7	280.002	5
dv	0.1	C	2	7	166.617	5
dv	0.1	D	2	7	3254.153	5
dv	0.01	A	2	7	57.701	5
dv	0.01	B	2	7	74.660	5
dv	0.01	C	2	7	21.532	5
dv	0.01	D	2	7	222.206	5
dv	0.001	A	2	7	38.015	5
dv	0.001	B	2	7	52.647	5
dv	0.001	C	2	7	5.097	5
dv	0.001	D	2	7	134.583	5
dv	0.0001	A	2	7	28.603	5
dv	0.0001	B	2	7	51.571	5
dv	0.0001	C	2	7	3.998	5
dv	0.0001	D	2	7	114.539	5
lex	0.1	A	2	7	73.256	5
lex	0.1	B	2	7	249.640	5
lex	0.1	C	2	7	130.060	5
lex	0.1	D	2	7	3186.958	5
lex	0.01	A	2	7	52.093	5
lex	0.01	B	2	7	72.984	5
lex	0.01	C	2	7	12.964	5
lex	0.01	D	2	7	215.315	5
lex	0.001	A	2	7	32.160	5
lex	0.001	B	2	7	46.615	5
lex	0.001	C	2	7	1.025	5
lex	0.001	D	2	7	128.606	5
lex	0.0001	A	2	7	22.993	5
lex	0.0001	B	2	7	41.827	5
lex	0.0001	C	2	7	0.083	5
lex	0.0001	D	2	7	115.745	5
none	1	A	1	8	63.414	5
dv	0.1	A	1	8	99.237	5
dv	0.1	B	1	8	230.989	5
dv	0.1	C	1	8	169.117	5
dv	0.1	D	1	8	3298.329	5
dv	0.01	A	1	8	111.824	5
dv	0.01	B	1	8	32.068	5
dv	0.01	C	1	8	24.335	5
dv	0.01	D	1	8	175.378	5
dv	0.001	A	1	8	36.566	5
dv	0.001	B	1	8	10.287	5
dv	0.001	C	1	8	5.141	5
dv	0.001	D	1	8	86.127	5
dv	0.0001	A	1	8	28.737	5
dv	0.0001	B	1	8	8.962	5
dv	0.0001	C	1	8	4.078	5
dv	0.0001	D	1	8	72.729	5
lex	0.1	A	1	8	98.766	5
lex	0.1	B	1	8	200.621	5
lex	0.1	C	1	8	129.188	5
lex	0.1	D	1	8	3230.017	5
lex	0.01	A	1	8	105.233	5
lex	0.01	B	1	8	28.981	5
lex	0.01	C	1	8	13.363	5
lex	0.01	D	1	8	166.409	5
lex	0.001	A	1	8	32.207	5
lex	0.001	B	1	8	5.823	5
lex	0.001	C	1	8	0.941	5
lex	0.001	D	1	8	80.264	5
lex	0.0001	A	1	8	23.206	5
lex	0.0001	B	1	8	4.116	5
lex	0.0001	C	1	8	0.085	5
lex	0.0001	D	1	8	67.457	5
none	1	A	2	8	64.058	5
dv	0.1	A	2	8	99.740	5
dv	0.1	B	2	8	229.667	5
dv	0.1	C	2	8	169.532	5
dv	0.1	D	2	8	3311.775	5
dv	0.01	A	2	8	112.038	5
dv	0.01	B	2	8	31.826	5
dv	0.01	C	2	8	23.080	5
dv	0.01	D	2	8	173.707	5
dv	0.001	A	2	8	37.041	5
dv	0.001	B	2	8	9.837	5
dv	0.001	C	2	8	4.895	5
dv	0.001	D	2	8	85.562	5
dv	0.0001	A	2	8	28.338	5
dv	0.0001	B	2	8	9.317	5
dv	0.0001	C	2	8	4.060	5
dv	0.0001	D	2	8	73.213	5
lex	0.1	A	2	8	99.109	5
lex	0.1	B	2	8	198.771	5
lex	0.1	C	2	8	129.408	5
lex	0.1	D	2	8	3148.324	5
lex	0.01	A	2	8	105.180	5
lex	0.01	B	2	8	28.302	5
lex	0.01	C	2	8	12.336	5
lex	0.01	D	2	8	166.307	5
lex	0.001	A	2	8	31.514	5
lex	0.001	B	2	8	5.343	5
lex	0.001	C	2	8	0.983	5
lex	0.001	D	2	8	81.203	5
lex	0.0001	A	2	8	22.772	5
lex	0.0001	B	2	8	4.190	5
lex	0.0001	C	2	8	0.086	5
lex	0.0001	D	2	8	68.331	5
none	1	A	1	9	123.932	5
dv	0.1	A	1	9	68.459	5
dv	0.1	B	1	9	277.329	5
dv	0.1	C	1	9	169.844	5
dv	0.1	D	1	9	3188.246	5
dv	0.01	A	1	9	59.214	5
dv	0.01	B	1	9	72.908	5
dv	0.01	C	1	9	21.271	5
dv	0.01	D	1	9	220.372	5
dv	0.001	A	1	9	37.248	5
dv	0.001	B	1	9	49.857	5
dv	0.001	C	1	9	5.403	5
dv	0.001	D	1	9	131.053	5
dv	0.0001	A	1	9	29.449	5
dv	0.0001	B	1	9	49.030	5
dv	0.0001	C	1	9	4.014	5
dv	0.0001	D	1	9	112.390	5
lex	0.1	A	1	9	63.057	5
lex	0.1	B	1	9	243.262	5
lex	0.1	C	1	9	130.846	5
lex	0.1	D	1	9	3303.329	5
lex	0.01	A	1	9	55.437	5
lex	0.01	B	1	9	70.262	5
lex	0.01	C	1	9	12.240	5
lex	0.01	D	1	9	210.556	5
lex	0.001	A	1	9	31.971	5
lex	0.001	B	1	9	40.978	5
lex	0.001	C	1	9	0.984	5
lex	0.001	D	1	9	124.647	5
lex	0.0001	A	1	9	23.198	5
lex	0.0001	B	1	9	42.416	5
lex	0.0001	C	1	9	0.083	5
lex	0.0001	D	1	9	113.899	5
none	1	A	2	9	123.932	5
dv	0.1	A	2	9	68.167	5
dv	0.1	B	2	9	278.709	5
dv	0.1	C	2	9	168.141	5
dv	0.1	D	2	9	3270.624	5
dv	0.01	A	2	9	59.235	5
dv	0.01	B	2	9	70.875	5
dv	0.01	C	2	9	22.277	5
dv	0.01	D	2	9	219.014	5
dv	0.001	A	2	9	36.863	5
dv	0.001	B	2	9	50.066	5
dv	0.001	C	2	9	5.186	5
dv	0.001	D	2	9	130.670	5
dv	0.0001	A	2	9	28.824	5
dv	0.0001	B	2	9	47.600	5
dv	0.0001	C	2	9	3.942	5
dv	0.0001	D	2	9	110.400	5
lex	0.1	A	2	9	61.884	5
lex	0.1	B	2	9	240.837	5
lex	0.1	C	2	9	131.392	5
lex	0.1	D	2	9	3173.586	5
lex	0.01	A	2	9	54.781	5
lex	0.01	B	2	9	65.801	5
lex	0.01	C	2	9	11.178	5
lex	0.01	D	2	9	212.391	5
lex	0.001	A	2	9	32.167	5
lex	0.001	B	2	9	42.403	5
lex	0.001	C	2	9	1.033	5
lex	0.001	D	2	9	126.162	5
lex	0.0001	A	2	9	22.909	5
lex	0.0001	B	2	9	41.048	5
lex	0.0001	C	2	9	0.082	5
lex	0.0001	D	2	9	110.897	5
none	1	A	1	10	102.777	5
dv	0.1	A	1	10	70.784	5
dv	0.1	B	1	10	304.035	5
dv	0.1	C	1	10	168.756	5
dv	0.1	D	1	10	3445.029	5
dv	0.01	A	1	10	50.873	5
dv	0.01	B	1	10	98.416	5
dv	0.01	C	1	10	24.504	5
dv	0.01	D	1	10	249.578	5
dv	0.001	A	1	10	38.225	5
dv	0.001	B	1	10	77.732	5
dv	0.001	C	1	10	5.270	5
dv	0.001	D	1	10	161.224	5
dv	0.0001	A	1	10	29.569	5
dv	0.0001	B	1	10	76.468	5
dv	0.0001	C	1	10	4.174	5
dv	0.0001	D	1	10	139.380	5
lex	0.1	A	1	10	65.681	5
lex	0.1	B	1	10	272.211	5
lex	0.1	C	1	10	131.135	5
lex	0.1	D	1	10	3431.131	5
lex	0.01	A	1	10	41.763	5
lex	0.01	B	1	10	95.341	5
lex	0.01	C	1	10	12.148	5
lex	0.01	D	1	10	241.659	5
lex	0.001	A	1	10	32.169	5
lex	0.001	B	1	10	67.397	5
lex	0.001	C	1	10	1.018	5
lex	0.001	D	1	10	154.906	5
lex	0.0001	A	1	10	22.845	5
lex	0.0001	B	1	10	66.795	5
lex	0.0001	C	1	10	0.101	5
lex	0.0001	D	1	10	144.898	5
none	1	A	2	10	102.705	5
dv	0.1	A	2	10	70.661	5
dv	0.1	B	2	10	305.287	5
dv	0.1	C	2	10	169.012	5
dv	0.1	D	2	10	3335.136	5
dv	0.01	A	2	10	51.755	5
dv	0.01	B	2	10	99.529	5
dv	0.01	C	2	10	23.753	5
dv	0.01	D	2	10	250.461	5
dv	0.001	A	2	10	37.686	5
dv	0.001	B	2	10	77.736	5
dv	0.001	C	2	10	5.534	5
dv	0.001	D	2	10	160.136	5
dv	0.0001	A	2	10	28.656	5
dv	0.0001	B	2	10	72.816	5
dv	0.0001	C	2	10	4.031	5
dv	0.0001	D	2	10	137.485	5
lex	0.1	A	2	10	66.381	5
lex	0.1	B	2	10	271.443	5
lex	0.1	C	2	10	131.850	5
lex	0.1	D	2	10	3195.104	5
lex	0.01	A	2	10	42.315	5
lex	0.01	B	2	10	94.547	5
lex	0.01	C	2	10	11.739	5
lex	0.01	D	2	10	241.026	5
lex	0.001	A	2	10	31.633	5
lex	0.001	B	2	10	70.278	5
lex	0.001	C	2	10	1.013	5
lex	0.001	D	2	10	158.310	5
lex	0.0001	A	2	10	22.544	5
lex	0.0001	B	2	10	69.330	5
lex	0.0001	C	2	10	0.082	5
lex	0.0001	D	2	10	143.488	5
none	1	A	1	11	77.645	5
dv	0.1	A	1	11	312.021	5
dv	0.1	B	1	11	225.180	5
dv	0.1	C	1	11	168.614	5
dv	0.1	D	1	11	3135.875	5
dv	0.01	A	1	11	111.268	5
dv	0.01	B	1	11	25.562	5
dv	0.01	C	1	11	20.981	5
dv	0.01	D	1	11	167.714	5
dv	0.001	A	1	11	36.781	5
dv	0.001	B	1	11	6.989	5
dv	0.001	C	1	11	4.885	5
dv	0.001	D	1	11	79.941	5
dv	0.0001	A	1	11	29.159	5
dv	0.0001	B	1	11	5.625	5
dv	0.0001	C	1	11	3.938	5
dv	0.0001	D	1	11	67.522	5
lex	0.1	A	1	11	303.773	5
lex	0.1	B	1	11	192.374	5
lex	0.1	C	1	11	130.428	5
lex	0.1	D	1	11	3265.434	5
lex	0.01	A	1	11	104.590	5
lex	0.01	B	1	11	22.448	5
lex	0.01	C	1	11	11.334	5
lex	0.01	D	1	11	161.046	5
lex	0.001	A	1	11	31.292	5
lex	0.001	B	1	11	2.153	5
lex	0.001	C	1	11	0.940	5
lex	0.001	D	1	11	69.876	5
lex	0.0001	A	1	11	22.717	5
lex	0.0001	B	1	11	1.219	5
lex	0.0001	C	1	11	0.082	5
lex	0.0001	D	1	11	62.129	5
none	1	A	2	11	78.126	5
dv	0.1	A	2	11	310.984	5
dv	0.1	B	2	11	221.642	5
dv	0.1	C	2	11	167.765	5
dv	0.1	D	2	11	3261.346	5
dv	0.01	A	2	11	110.201	5
dv	0.01	B	2	11	26.726	5
dv	0.01	C	2	11	22.925	5
dv	0.01	D	2	11	167.641	5
dv	0.001	A	2	11	35.842	5
dv	0.001	B	2	11	6.260	5
dv	0.001	C	2	11	4.883	5
dv	0.001	D	2	11	78.834	5
dv	0.0001	A	2	11	28.331	5
dv	0.0001	B	2	11	5.470	5
dv	0.0001	C	2	11	4.114	5
dv	0.0001	D	2	11	69.059	5
lex	0.1	A	2	11	305.155	5
lex	0.1	B	2	11	194.975	5
lex	0.1	C	2	11	129.650	5
lex	0.1	D	2	11	3220.888	5
lex	0.01	A	2	11	104.757	5
lex	0.01	B	2	11	21.729	5
lex	0.01	C	2	11	10.253	5
lex	0.01	D	2	11	160.796	5
lex	0.001	A	2	11	31.843	5
lex	0.001	B	2	11	2.198	5
lex	0.001	C	2	11	0.961	5
lex	0.001	D	2	11	71.629	5
lex	0.0001	A	2	11	22.736	5
lex	0.0001	B	2	11	1.221	5
lex	0.0001	C	2	11	0.081	5
lex	0.0001	D	2	11	61.751	5
none	1	A	1	12	94.105	5
dv	0.1	A	1	12	69.224	5
dv	0.1	B	1	12	291.115	5
dv	0.1	C	1	12	168.861	5
dv	0.1	D	1	12	3310.380	5
dv	0.01	A	1	12	52.927	5
dv	0.01	B	1	12	88.802	5
dv	0.01	C	1	12	23.456	5
dv	0.01	D	1	12	237.403	5
dv	0.001	A	1	12	37.543	5
dv	0.001	B	1	12	68.018	5
dv	0.001	C	1	12	5.171	5
dv	0.001	D	1	12	149.385	5
dv	0.0001	A	1	12	28.781	5
dv	0.0001	B	1	12	64.331	5
dv	0.0001	C	1	12	4.467	5
dv	0.0001	D	1	12	128.212	5
lex	0.1	A	1	12	63.246	5
lex	0.1	B	1	12	260.339	5
lex	0.1	C	1	12	129.870	5
lex	0.1	D	1	12	3196.870	5
lex	0.01	A	1	12	46.774	5
lex	0.01	B	1	12	88.040	5
lex	0.01	C	1	12	11.984	5
lex	0.01	D	1	12	229.092	5
lex	0.001	A	1	12	32.448	5
lex	0.001	B	1	12	58.129	5
lex	0.001	C	1	12	0.971	5
lex	0.001	D	1	12	142.864	5
lex	0.0001	A	1	12	23.104	5
lex	0.0001	B	1	12	58.656	5
lex	0.0001	C	1	12	0.095	5
lex	0.0001	D	1	12	132.032	5
none	1	A	2	12	94.475	5
dv	0.1	A	2	12	68.822	5
dv	0.1	B	2	12	292.168	5
dv	0.1	C	2	12	169.410	5
dv	0.1	D	2	12	3349.380	5
dv	0.01	A	2	12	53.509	5
dv	0.01	B	2	12	87.917	5
dv	0.01	C	2	12	23.270	5
dv	0.01	D	2	12	236.089	5
dv	0.001	A	2	12	37.380	5
dv	0.001	B	2	12	65.728	5
dv	0.001	C	2	12	4.973	5
dv	0.001	D	2	12	148.449	5
dv	0.0001	A	2	12	28.822	5
dv	0.0001	B	2	12	65.256	5
dv	0.0001	C	2	12	4.081	5
dv	0.0001	D	2	12	129.045	5
lex	0.1	A	2	12	63.430	5
lex	0.1	B	2	12	261.027	5
lex	0.1	C	2	12	129.121	5
lex	0.1	D	2	12	3194.245	5
lex	0.01	A	2	12	46.369	5
lex	0.01	B	2	12	86.163	5
lex	0.01	C	2	12	11.807	5
lex	0.01	D	2	12	228.901	5
lex	0.001	A	2	12	32.039	5
lex	0.001	B	2	12	55.575	5
lex	0.001	C	2	12	0.953	5
lex	0.001	D	2	12	142.110	5
lex	0.0001	A	2	12	22.974	5
lex	0.0001	B	2	12	55.773	5
lex	0.0001	C	2	12	0.097	5
lex	0.0001	D	2	12	131.832	5
none	1	A	1	13	72.318	5
dv	0.1	A	1	13	83.126	5
dv	0.1	B	1	13	232.593	5
dv	0.1	C	1	13	169.842	5
dv	0.1	D	1	13	3305.766	5
dv	0.01	A	1	13	111.999	5
dv	0.01	B	1	13	35.513	5
dv	0.01	C	1	13	23.525	5
dv	0.01	D	1	13	177.441	5
dv	0.001	A	1	13	37.977	5
dv	0.001	B	1	13	14.664	5
dv	0.001	C	1	13	5.417	5
dv	0.001	D	1	13	88.625	5
dv	0.0001	A	1	13	28.595	5
dv	0.0001	B	1	13	11.956	5
dv	0.0001	C	1	13	4.008	5
dv	0.0001	D	1	13	75.515	5
lex	0.1	A	1	13	72.887	5
lex	0.1	B	1	13	201.680	5
lex	0.1	C	1	13	129.262	5
lex	0.1	D	1	13	3227.334	5
lex	0.01	A	1	13	105.468	5
lex	0.01	B	1	13	31.360	5
lex	0.01	C	1	13	11.986	5
lex	0.01	D	1	13	170.797	5
lex	0.001	A	1	13	31.753	5
lex	0.001	B	1	13	7.050	5
lex	0.001	C	1	13	1.014	5
lex	0.001	D	1	13	82.246	5
lex	0.0001	A	1	13	23.076	5
lex	0.0001	B	1	13	5.894	5
lex	0.0001	C	1	13	0.080	5
lex	0.0001	D	1	13	71.829	5
none	1	A	2	13	71.138	5
dv	0.1	A	2	13	83.887	5
dv	0.1	B	2	13	234.352	5
dv	0.1	C	2	13	169.258	5
dv	0.1	D	2	13	3341.358	5
dv	0.01	A	2	13	110.411	5
dv	0.01	B	2	13	33.554	5
dv	0.01	C	2	13	21.901	5
dv	0.01	D	2	13	178.150	5
dv	0.001	A	2	13	38.300	5
dv	0.001	B	2	13	14.144	5
dv	0.001	C	2	13	5.076	5
dv	0.001	D	2	13	90.395	5
dv	0.0001	A	2	13	29.062	5
dv	0.0001	B	2	13	12.391	5
dv	0.0001	C	2	13	4.037	5
dv	0.0001	D	2	13	74.339	5
lex	0.1	A	2	13	72.475	5
lex	0.1	B	2	13	201.712	5
lex	0.1	C	2	13	129.882	5
lex	0.1	D	2	13	3255.688	5
lex	0.01	A	2	13	105.258	5
lex	0.01	B	2	13	33.245	5
lex	0.01	C	2	13	15.071	5
lex	0.01	D	2	13	170.121	5
lex	0.001	A	2	13	31.526	5
lex	0.001	B	2	13	6.728	5
lex	0.001	C	2	13	0.973	5
lex	0.001	D	2	13	81.820	5
lex	0.0001	A	2	13	23.057	5
lex	0.0001	B	2	13	6.401	5
lex	0.0001	C	2	13	0.082	5
lex	0.0001	D	2	13	70.263	5
none	1	A	1	14	65.756	5
dv	0.1	A	1	14	183.616	5
dv	0.1	B	1	14	226.632	5
dv	0.1	C	1	14	169.851	5
dv	0.1	D	1	14	3324.030	5
dv	0.01	A	1	14	110.663	5
dv	0.01	B	1	14	28.878	5
dv	0.01	C	1	14	24.568	5
dv	0.01	D	1	14	170.105	5
dv	0.001	A	1	14	37.648	5
dv	0.001	B	1	14	8.303	5
dv	0.001	C	1	14	5.052	5
dv	0.001	D	1	14	82.517	5
dv	0.0001	A	1	14	28.320	5
dv	0.0001	B	1	14	6.860	5
dv	0.0001	C	1	14	4.106	5
dv	0.0001	D	1	14	69.322	5
lex	0.1	A	1	14	208.484	5
lex	0.1	B	1	14	195.490	5
lex	0.1	C	1	14	130.552	5
lex	0.1	D	1	14	3070.613	5
lex	0.01	A	1	14	105.277	5
lex	0.01	B	1	14	23.580	5
lex	0.01	C	1	14	10.396	5
lex	0.01	D	1	14	162.876	5
lex	0.001	A	1	14	31.765	5
lex	0.001	B	1	14	3.431	5
lex	0.001	C	1	14	1.009	5
lex	0.001	D	1	14	75.796	5
lex	0.0001	A	1	14	27.068	5
lex	0.0001	B	1	14	2.288	5
lex	0.0001	C	1	14	0.083	5
lex	0.0001	D	1	14	63.768	5
none	1	A	2	14	65.930	5
dv	0.1	A	2	14	183.022	5
dv	0.1	B	2	14	224.359	5
dv	0.1	C	2	14	169.035	5
dv	0.1	D	2	14	3520.514	5
dv	0.01	A	2	14	110.984	5
dv	0.01	B	2	14	28.217	5
dv	0.01	C	2	14	23.925	5
dv	0.01	D	2	14	170.235	5
dv	0.001	A	2	14	37.502	5
dv	0.001	B	2	14	7.601	5
dv	0.001	C	2	14	4.826	5
dv	0.001	D	2	14	79.774	5
dv	0.0001	A	2	14	28.297	5
dv	0.0001	B	2	14	6.616	5
dv	0.0001	C	2	14	3.932	5
dv	0.0001	D	2	14	69.021	5
lex	0.1	A	2	14	212.667	5
lex	0.1	B	2	14	194.349	5
lex	0.1	C	2	14	131.378	5
lex	0.1	D	2	14	3202.557	5
lex	0.01	A	2	14	106.494	5
lex	0.01	B	2	14	25.316	5
lex	0.01	C	2	14	10.992	5
lex	0.01	D	2	14	162.482	5
lex	0.001	A	2	14	31.505	5
lex	0.001	B	2	14	3.351	5
lex	0.001	C	2	14	0.981	5
lex	0.001	D	2	14	74.305	5
lex	0.0001	A	2	14	22.943	5
lex	0.0001	B	2	14	2.387	5
lex	0.0001	C	2	14	0.083	5
lex	0.0001	D	2	14	60.671	5
none	1	A	1	15	105.735	5
dv	0.1	A	1	15	73.150	5
dv	0.1	B	1	15	258.725	5
dv	0.1	C	1	15	166.967	5
dv	0.1	D	1	15	3318.106	5
dv	0.01	A	1	15	70.246	5
dv	0.01	B	1	15	56.112	5
dv	0.01	C	1	15	21.473	5
dv	0.01	D	1	15	202.518	5
dv	0.001	A	1	15	37.603	5
dv	0.001	B	1	15	35.730	5
dv	0.001	C	1	15	4.897	5
dv	0.001	D	1	15	113.074	5
dv	0.0001	A	1	15	27.828	5
dv	0.0001	B	1	15	34.585	5
dv	0.0001	C	1	15	4.103	5
dv	0.0001	D	1	15	96.465	5
lex	0.1	A	1	15	65.528	5
lex	0.1	B	1	15	227.148	5
lex	0.1	C	1	15	129.522	5
lex	0.1	D	1	15	3133.746	5
lex	0.01	A	1	15	61.013	5
lex	0.01	B	1	15	61.844	5
lex	0.01	C	1	15	17.872	5
lex	0.01	D	1	15	195.895	5
lex	0.001	A	1	15	32.305	5
lex	0.001	B	1	15	29.640	5
lex	0.001	C	1	15	1.004	5
lex	0.001	D	1	15	108.784	5
lex	0.0001	A	1	15	23.234	5
lex	0.0001	B	1	15	29.518	5
lex	0.0001	C	1	15	0.098	5
lex	0.0001	D	1	15	98.458	5
none	1	A	2	15	107.375	5
dv	0.1	A	2	15	73.358	5
dv	0.1	B	2	15	264.171	5
dv	0.1	C	2	15	171.782	5
dv	0.1	D	2	15	3152.684	5
dv	0.01	A	2	15	71.961	5
dv	0.01	B	2	15	58.336	5
dv	0.01	C	2	15	24.462	5
dv	0.01	D	2	15	205.348	5
dv	0.001	A	2	15	37.761	5
dv	0.001	B	2	15	37.584	5
dv	0.001	C	2	15	5.136	5
dv	0.001	D	2	15	114.408	5
dv	0.0001	A	2	15	28.831	5
dv	0.0001	B	2	15	36.336	5
dv	0.0001	C	2	15	4.284	5
dv	0.0001	D	2	15	99.374	5
lex	0.1	A	2	15	65.840	5
lex	0.1	B	2	15	229.685	5
lex	0.1	C	2	15	128.692	5
lex	0.1	D	2	15	3132.444	5
lex	0.01	A	2	15	59.368	5
lex	0.01	B	2	15	56.472	5
lex	0.01	C	2	15	10.742	5
lex	0.01	D	2	15	195.418	5
lex	0.001	A	2	15	31.841	5
lex	0.001	B	2	15	29.647	5
lex	0.001	C	2	15	1.032	5
lex	0.001	D	2	15	110.245	5
lex	0.0001	A	2	15	23.457	5
lex	0.0001	B	2	15	30.496	5
lex	0.0001	C	2	15	0.083	5
lex	0.0001	D	2	15	98.058	5
none	1	A	1	16	108.746	5
dv	0.1	A	1	16	70.881	5
dv	0.1	B	1	16	329.111	5
dv	0.1	C	1	16	170.072	5
dv	0.1	D	1	16	3346.752	5
dv	0.01	A	1	16	49.419	5
dv	0.01	B	1	16	120.401	5
dv	0.01	C	1	16	25.011	5
dv	0.01	D	1	16	275.168	5
dv	0.001	A	1	16	38.405	5
dv	0.001	B	1	16	98.817	5
dv	0.001	C	1	16	5.493	5
dv	0.001	D	1	16	185.177	5
dv	0.0001	A	1	16	29.667	5
dv	0.0001	B	1	16	97.461	5
dv	0.0001	C	1	16	4.090	5
dv	0.0001	D	1	16	161.140	5
lex	0.1	A	1	16	71.590	5
lex	0.1	B	1	16	298.911	5
lex	0.1	C	1	16	133.294	5
lex	0.1	D	1	16	3230.440	5
lex	0.01	A	1	16	42.959	5
lex	0.01	B	1	16	120.896	5
lex	0.01	C	1	16	15.887	5
lex	0.01	D	1	16	271.002	5
lex	0.001	A	1	16	32.566	5
lex	0.001	B	1	16	92.943	5
lex	0.001	C	1	16	1.000	5
lex	0.001	D	1	16	180.047	5
lex	0.0001	A	1	16	23.221	5
lex	0.0001	B	1	16	89.248	5
lex	0.0001	C	1	16	0.082	5
lex	0.0001	D	1	16	167.651	5
none	1	A	2	16	109.246	5
dv	0.1	A	2	16	75.539	5
dv	0.1	B	2	16	329.397	5
dv	0.1	C	2	16	170.566	5
dv	0.1	D	2	16	3362.929	5
dv	0.01	A	2	16	47.838	5
dv	0.01	B	2	16	119.248	5
dv	0.01	C	2	16	24.357	5
dv	0.01	D	2	16	276.898	5
dv	0.001	A	2	16	37.743	5
dv	0.001	B	2	16	99.227	5
dv	0.001	C	2	16	5.008	5
dv	0.001	D	2	16	183.492	5
dv	0.0001	A	2	16	28.136	5
dv	0.0001	B	2	16	94.304	5
dv	0.0001	C	2	16	3.958	5
dv	0.0001	D	2	16	158.096	5
lex	0.1	A	2	16	72.041	5
lex	0.1	B	2	16	292.781	5
lex	0.1	C	2	16	132.373	5
lex	0.1	D	2	16	3217.612	5
lex	0.01	A	2	16	43.049	5
lex	0.01	B	2	16	118.176	5
lex	0.01	C	2	16	12.859	5
lex	0.01	D	2	16	270.156	5
lex	0.001	A	2	16	32.437	5
lex	0.001	B	2	16	86.256	5
lex	0.001	C	2	16	1.041	5
lex	0.001	D	2	16	180.480	5
lex	0.0001	A	2	16	23.207	5
lex	0.0001	B	2	16	87.594	5
lex	0.0001	C	2	16	0.082	5
lex	0.0001	D	2	16	168.639	5
none	1	A	1	17	91.666	5
dv	0.1	A	1	17	68.969	5
dv	0.1	B	1	17	247.340	5
dv	0.1	C	1	17	169.768	5
dv	0.1	D	1	17	3344.613	5
dv	0.01	A	1	17	80.891	5
dv	0.01	B	1	17	48.469	5
dv	0.01	C	1	17	23.959	5
dv	0.01	D	1	17	191.672	5
dv	0.001	A	1	17	37.281	5
dv	0.001	B	1	17	26.682	5
dv	0.001	C	1	17	5.146	5
dv	0.001	D	1	17	100.932	5
dv	0.0001	A	1	17	29.032	5
dv	0.0001	B	1	17	23.824	5
dv	0.0001	C	1	17	4.063	5
dv	0.0001	D	1	17	89.823	5
lex	0.1	A	1	17	63.828	5
lex	0.1	B	1	17	215.012	5
lex	0.1	C	1	17	132.330	5
lex	0.1	D	1	17	3215.433	5
lex	0.01	A	1	17	87.465	5
lex	0.01	B	1	17	44.662	5
lex	0.01	C	1	17	10.075	5
lex	0.01	D	1	17	184.074	5
lex	0.001	A	1	17	31.590	5
lex	0.001	B	1	17	16.031	5
lex	0.001	C	1	17	0.996	5
lex	0.001	D	1	17	97.099	5
lex	0.0001	A	1	17	22.999	5
lex	0.0001	B	1	17	13.973	5
lex	0.0001	C	1	17	0.082	5
lex	0.0001	D	1	17	84.802	5
none	1	A	2	17	92.540	5
dv	0.1	A	2	17	69.721	5
dv	0.1	B	2	17	248.109	5
dv	0.1	C	2	17	167.900	5
dv	0.1	D	2	17	3306.332	5
dv	0.01	A	2	17	80.465	5
dv	0.01	B	2	17	48.704	5
dv	0.01	C	2	17	22.805	5
dv	0.01	D	2	17	193.279	5
dv	0.001	A	2	17	38.773	5
dv	0.001	B	2	17	26.604	5
dv	0.001	C	2	17	5.027	5
dv	0.001	D	2	17	103.797	5
dv	0.0001	A	2	17	28.083	5
dv	0.0001	B	2	17	26.124	5
dv	0.0001	C	2	17	4.154	5
dv	0.0001	D	2	17	87.562	5
lex	0.1	A	2	17	63.273	5
lex	0.1	B	2	17	214.919	5
lex	0.1	C	2	17	131.848	5
lex	0.1	D	2	17	3106.401	5
lex	0.01	A	2	17	88.193	5
lex	0.01	B	2	17	44.458	5
lex	0.01	C	2	17	13.189	5
lex	0.01	D	2	17	183.800	5
lex	0.001	A	2	17	31.800	5
lex	0.001	B	2	17	15.302	5
lex	0.001	C	2	17	0.979	5
lex	0.001	D	2	17	96.228	5
lex	0.0001	A	2	17	22.705	5
lex	0.0001	B	2	17	16.247	5
lex	0.0001	C	2	17	0.082	5
lex	0.0001	D	2	17	84.841	5
none	1	A	1	18	62.084	5
dv	0.1	A	1	18	87.291	5
dv	0.1	B	1	18	231.857	5
dv	0.1	C	1	18	167.639	5
dv	0.1	D	1	18	3301.596	5
dv	0.01	A	1	18	111.291	5
dv	0.01	B	1	18	34.296	5
dv	0.01	C	1	18	24.059	5
dv	0.01	D	1	18	177.761	5
dv	0.001	A	1	18	37.779	5
dv	0.001	B	1	18	15.603	5
dv	0.001	C	1	18	5.079	5
dv	0.001	D	1	18	90.152	5
dv	0.0001	A	1	18	29.565	5
dv	0.0001	B	1	18	13.054	5
dv	0.0001	C	1	18	4.221	5
dv	0.0001	D	1	18	76.671	5
lex	0.1	A	1	18	78.772	5
lex	0.1	B	1	18	201.020	5
lex	0.1	C	1	18	129.520	5
lex	0.1	D	1	18	3136.163	5
lex	0.01	A	1	18	104.519	5
lex	0.01	B	1	18	31.332	5
lex	0.01	C	1	18	11.590	5
lex	0.01	D	1	18	168.383	5
lex	0.001	A	1	18	31.712	5
lex	0.001	B	1	18	6.868	5
lex	0.001	C	1	18	1.014	5
lex	0.001	D	1	18	81.810	5
lex	0.0001	A	1	18	22.964	5
lex	0.0001	B	1	18	5.153	5
lex	0.0001	C	1	18	0.085	5
lex	0.0001	D	1	18	69.508	5
none	1	A	2	18	61.520	5
dv	0.1	A	2	18	86.859	5
dv	0.1	B	2	18	232.732	5
dv	0.1	C	2	18	169.228	5
dv	0.1	D	2	18	3297.479	5
dv	0.01	A	2	18	111.936	5
dv	0.01	B	2	18	32.677	5
dv	0.01	C	2	18	23.530	5
dv	0.01	D	2	18	177.078	5
dv	0.001	A	2	18	37.725	5
dv	0.001	B	2	18	13.821	5
dv	0.001	C	2	18	5.132	5
dv	0.001	D	2	18	88.637	5
dv	0.0001	A	2	18	28.833	5
dv	0.0001	B	2	18	10.482	5
dv	0.0001	C	2	18	4.060	5
dv	0.0001	D	2	18	76.406	5
lex	0.1	A	2	18	78.652	5
lex	0.1	B	2	18	202.772	5
lex	0.1	C	2	18	129.647	5
lex	0.1	D	2	18	3248.647	5
lex	0.01	A	2	18	104.731	5
lex	0.01	B	2	18	26.806	5
lex	0.01	C	2	18	12.099	5
lex	0.01	D	2	18	168.909	5
lex	0.001	A	2	18	31.233	5
lex	0.001	B	2	18	6.425	5
lex	0.001	C	2	18	0.961	5
lex	0.001	D	2	18	81.571	5
lex	0.0001	A	2	18	22.880	5
lex	0.0001	B	2	18	5.250	5
lex	0.0001	C	2	18	0.083	5
lex	0.0001	D	2	18	70.367	5
none	1	A	1	19	65.607	5
dv	0.1	A	1	19	74.690	5
dv	0.1	B	1	19	296.001	5
dv	0.1	C	1	19	168.585	5
dv	0.1	D	1	19	3333.220	5
dv	0.01	A	1	19	50.954	5
dv	0.01	B	1	19	90.626	5
dv	0.01	C	1	19	24.077	5
dv	0.01	D	1	19	241.428	5
dv	0.001	A	1	19	38.233	5
dv	0.001	B	1	19	73.115	5
dv	0.001	C	1	19	5.404	5
dv	0.001	D	1	19	153.643	5
dv	0.0001	A	1	19	29.666	5
dv	0.0001	B	1	19	70.600	5
dv	0.0001	C	1	19	4.165	5
dv	0.0001	D	1	19	132.655	5
lex	0.1	A	1	19	65.024	5
lex	0.1	B	1	19	266.470	5
lex	0.1	C	1	19	131.613	5
lex	0.1	D	1	19	3233.425	5
lex	0.01	A	1	19	43.257	5
lex	0.01	B	1	19	92.790	5
lex	0.01	C	1	19	11.654	5
lex	0.01	D	1	19	234.744	5
lex	0.001	A	1	19	31.585	5
lex	0.001	B	1	19	62.837	5
lex	0.001	C	1	19	1.008	5
lex	0.001	D	1	19	147.928	5
lex	0.0001	A	1	19	22.787	5
lex	0.0001	B	1	19	58.097	5
lex	0.0001	C	1	19	0.083	5
lex	0.0001	D	1	19	136.371	5
none	1	A	2	19	66.109	5
dv	0.1	A	2	19	76.276	5
dv	0.1	B	2	19	301.364	5
dv	0.1	C	2	19	169.670	5
dv	0.1	D	2	19	3310.609	5
dv	0.01	A	2	19	50.863	5
dv	0.01	B	2	19	95.137	5
dv	0.01	C	2	19	22.881	5
dv	0.01	D	2	19	242.447	5
dv	0.001	A	2	19	39.097	5
dv	0.001	B	2	19	74.386	5
dv	0.001	C	2	19	4.953	5
dv	0.001	D	2	19	153.323	5
dv	0.0001	A	2	19	29.007	5
dv	0.0001	B	2	19	69.718	5
dv	0.0001	C	2	19	4.181	5
dv	0.0001	D	2	19	131.873	5
lex	0.1	A	2	19	65.696	5
lex	0.1	B	2	19	262.453	5
lex	0.1	C	2	19	131.748	5
lex	0.1	D	2	19	3207.596	5
lex	0.01	A	2	19	43.658	5
lex	0.01	B	2	19	94.401	5
lex	0.01	C	2	19	14.725	5
lex	0.01	D	2	19	235.579	5
lex	0.001	A	2	19	32.253	5
lex	0.001	B	2	19	64.209	5
lex	0.001	C	2	19	1.011	5
lex	0.001	D	2	19	148.116	5
lex	0.0001	A	2	19	23.252	5
lex	0.0001	B	2	19	61.754	5
lex	0.0001	C	2	19	0.084	5
lex	0.0001	D	2	19	137.193	5
none	1	A	1	20	94.422	5
dv	0.1	A	1	20	62.572	5
dv	0.1	B	1	20	250.806	5
dv	0.1	C	1	20	168.317	5
dv	0.1	D	1	20	3337.770	5
dv	0.01	A	1	20	92.352	5
dv	0.01	B	1	20	47.820	5
dv	0.01	C	1	20	22.240	5
dv	0.01	D	1	20	193.142	5
dv	0.001	A	1	20	37.465	5
dv	0.001	B	1	20	29.276	5
dv	0.001	C	1	20	5.187	5
dv	0.001	D	1	20	105.663	5
dv	0.0001	A	1	20	29.085	5
dv	0.0001	B	1	20	24.478	5
dv	0.0001	C	1	20	4.100	5
dv	0.0001	D	1	20	90.395	5
lex	0.1	A	1	20	56.173	5
lex	0.1	B	1	20	222.081	5
lex	0.1	C	1	20	130.469	5
lex	0.1	D	1	20	3282.291	5
lex	0.01	A	1	20	72.236	5
lex	0.01	B	1	20	47.028	5
lex	0.01	C	1	20	14.244	5
lex	0.01	D	1	20	185.532	5
lex	0.001	A	1	20	31.631	5
lex	0.001	B	1	20	18.458	5
lex	0.001	C	1	20	1.007	5
lex	0.001	D	1	20	99.478	5
lex	0.0001	A	1	20	23.187	5
lex	0.0001	B	1	20	15.228	5
lex	0.0001	C	1	20	0.083	5
lex	0.0001	D	1	20	87.375	5
none	1	A	2	20	94.664	5
dv	0.1	A	2	20	62.784	5
dv	0.1	B	2	20	251.379	5
dv	0.1	C	2	20	168.487	5
dv	0.1	D	2	20	3341.621	5
dv	0.01	A	2	20	91.716	5
dv	0.01	B	2	20	48.821	5
dv	0.01	C	2	20	24.370	5
dv	0.01	D	2	20	193.643	5
dv	0.001	A	2	20	39.915	5
dv	0.001	B	2	20	29.287	5
dv	0.001	C	2	20	5.251	5
dv	0.001	D	2	20	105.496	5
dv	0.0001	A	2	20	29.602	5
dv	0.0001	B	2	20	25.314	5
dv	0.0001	C	2	20	4.450	5
dv	0.0001	D	2	20	90.070	5
lex	0.1	A	2	20	55.906	5
lex	0.1	B	2	20	217.170	5
lex	0.1	C	2	20	130.413	5
lex	0.1	D	2	20	3127.957	5
lex	0.01	A	2	20	72.141	5
lex	0.01	B	2	20	47.624	5
lex	0.01	C	2	20	14.983	5
lex	0.01	D	2	20	185.842	5
lex	0.001	A	2	20	31.898	5
lex	0.001	B	2	20	19.560	5
lex	0.001	C	2	20	1.017	5
lex	0.001	D	2	20	98.777	5
lex	0.0001	A	2	20	22.965	5
lex	0.0001	B	2	20	20.899	5
lex	0.0001	C	2	20	0.082	5
lex	0.0001	D	2	20	89.270	5
none	1	A	1	21	76.991	5
dv	0.1	A	1	21	311.805	5
dv	0.1	B	1	21	224.641	5
dv	0.1	C	1	21	168.553	5
dv	0.1	D	1	21	3101.168	5
dv	0.01	A	1	21	111.959	5
dv	0.01	B	1	21	27.139	5
dv	0.01	C	1	21	25.151	5
dv	0.01	D	1	21	168.676	5
dv	0.001	A	1	21	37.445	5
dv	0.001	B	1	21	6.712	5
dv	0.001	C	1	21	5.044	5
dv	0.001	D	1	21	81.250	5
dv	0.0001	A	1	21	28.960	5
dv	0.0001	B	1	21	6.447	5
dv	0.0001	C	1	21	4.030	5
dv	0.0001	D	1	21	70.693	5
lex	0.1	A	1	21	304.996	5
lex	0.1	B	1	21	193.012	5
lex	0.1	C	1	21	128.382	5
lex	0.1	D	1	21	3055.713	5
lex	0.01	A	1	21	104.540	5
lex	0.01	B	1	21	20.960	5
lex	0.01	C	1	21	10.539	5
lex	0.01	D	1	21	162.611	5
lex	0.001	A	1	21	31.810	5
lex	0.001	B	1	21	2.431	5
lex	0.001	C	1	21	1.002	5
lex	0.001	D	1	21	74.579	5
lex	0.0001	A	1	21	22.941	5
lex	0.0001	B	1	21	1.293	5
lex	0.0001	C	1	21	0.082	5
lex	0.0001	D	1	21	62.571	5
none	1	A	2	21	76.342	5
dv	0.1	A	2	21	310.995	5
dv	0.1	B	2	21	223.689	5
dv	0.1	C	2	21	168.775	5
dv	0.1	D	2	21	3319.125	5
dv	0.01	A	2	21	111.233	5
dv	0.01	B	2	21	27.986	5
dv	0.01	C	2	21	24.342	5
dv	0.01	D	2	21	169.341	5
dv	0.001	A	2	21	36.839	5
dv	0.001	B	2	21	6.892	5
dv	0.001	C	2	21	4.804	5
dv	0.001	D	2	21	81.014	5
dv	0.0001	A	2	21	28.849	5
dv	0.0001	B	2	21	5.598	5
dv	0.0001	C	2	21	3.983	5
dv	0.0001	D	2	21	70.261	5
lex	0.1	A	2	21	304.531	5
lex	0.1	B	2	21	193.033	5
lex	0.1	C	2	21	127.487	5
lex	0.1	D	2	21	3254.747	5
lex	0.01	A	2	21	105.831	5
lex	0.01	B	2	21	20.383	5
lex	0.01	C	2	21	11.205	5
lex	0.01	D	2	21	160.022	5
lex	0.001	A	2	21	31.421	5
lex	0.001	B	2	21	2.468	5
lex	0.001	C	2	21	0.967	5
lex	0.001	D	2	21	77.785	5
lex	0.0001	A	2	21	22.966	5
lex	0.0001	B	2	21	1.254	5
lex	0.0001	C	2	21	0.137	5
lex	0.0001	D	2	21	60.556	5
none	1	A	1	22	107.855	5
dv	0.1	A	1	22	311.349	5
dv	0.1	B	1	22	222.939	5
dv	0.1	C	1	22	169.282	5
dv	0.1	D	1	22	3216.895	5
dv	0.01	A	1	22	110.946	5
dv	0.01	B	1	22	23.246	5
dv	0.01	C	1	22	23.200	5
dv	0.01	D	1	22	167.606	5
dv	0.001	A	1	22	37.827	5
dv	0.001	B	1	22	6.203	5
dv	0.001	C	1	22	4.982	5
dv	0.001	D	1	22	78.964	5
dv	0.0001	A	1	22	28.990	5
dv	0.0001	B	1	22	5.006	5
dv	0.0001	C	1	22	3.998	5
dv	0.0001	D	1	22	67.473	5
lex	0.1	A	1	22	304.136	5
lex	0.1	B	1	22	192.639	5
lex	0.1	C	1	22	127.464	5
lex	0.1	D	1	22	3085.856	5
lex	0.01	A	1	22	104.381	5
lex	0.01	B	1	22	21.536	5
lex	0.01	C	1	22	12.292	5
lex	0.01	D	1	22	159.242	5
lex	0.001	A	1	22	31.233	5
lex	0.001	B	1	22	1.858	5
lex	0.001	C	1	22	1.012	5
lex	0.001	D	1	22	72.705	5
lex	0.0001	A	1	22	22.914	5
lex	0.0001	B	1	22	0.851	5
lex	0.0001	C	1	22	0.085	5
lex	0.0001	D	1	22	60.725	5
none	1	A	2	22	109.400	5
dv	0.1	A	2	22	312.155	5
dv	0.1	B	2	22	224.449	5
dv	0.1	C	2	22	168.263	5
dv	0.1	D	2	22	3239.269	5
dv	0.01	A	2	22	110.262	5
dv	0.01	B	2	22	24.938	5
dv	0.01	C	2	22	22.090	5
dv	0.01	D	2	22	167.650	5
dv	0.001	A	2	22	38.184	5
dv	0.001	B	2	22	6.746	5
dv	0.001	C	2	22	5.206	5
dv	0.001	D	2	22	78.249	5
dv	0.0001	A	2	22	28.741	5
dv	0.0001	B	2	22	5.465	5
dv	0.0001	C	2	22	4.108	5
dv	0.0001	D	2	22	68.630	5
lex	0.1	A	2	22	304.504	5
lex	0.1	B	2	22	191.803	5
lex	0.1	C	2	22	127.624	5
lex	0.1	D	2	22	3302.587	5
lex	0.01	A	2	22	104.664	5
lex	0.01	B	2	22	19.259	5
lex	0.01	C	2	22	10.755	5
lex	0.01	D	2	22	160.342	5
lex	0.001	A	2	22	31.659	5
lex	0.001	B	2	22	1.776	5
lex	0.001	C	2	22	0.960	5
lex	0.001	D	2	22	70.391	5
lex	0.0001	A	2	22	22.700	5
lex	0.0001	B	2	22	0.876	5
lex	0.0001	C	2	22	0.083	5
lex	0.0001	D	2	22	58.852	5
none	1	A	1	23	57.214	5
dv	0.1	A	1	23	165.282	5
dv	0.1	B	1	23	227.719	5
dv	0.1	C	1	23	167.749	5
dv	0.1	D	1	23	3272.316	5
dv	0.01	A	1	23	110.929	5
dv	0.01	B	1	23	26.701	5
dv	0.01	C	1	23	22.048	5
dv	0.01	D	1	23	171.619	5
dv	0.001	A	1	23	37.539	5
dv	0.001	B	1	23	7.703	5
dv	0.001	C	1	23	4.848	5
dv	0.001	D	1	23	80.710	5
dv	0.0001	A	1	23	28.109	5
dv	0.0001	B	1	23	6.884	5
dv	0.0001	C	1	23	4.348	5
dv	0.0001	D	1	23	70.219	5
lex	0.1	A	1	23	169.930	5
lex	0.1	B	1	23	195.727	5
lex	0.1	C	1	23	131.216	5
lex	0.1	D	1	23	3092.941	5
lex	0.01	A	1	23	103.848	5
lex	0.01	B	1	23	21.636	5
lex	0.01	C	1	23	9.870	5
lex	0.01	D	1	23	162.255	5
lex	0.001	A	1	23	31.023	5
lex	0.001	B	1	23	3.244	5
lex	0.001	C	1	23	0.983	5
lex	0.001	D	1	23	72.213	5
lex	0.0001	A	1	23	22.759	5
lex	0.0001	B	1	23	2.268	5
lex	0.0001	C	1	23	0.085	5
lex	0.0001	D	1	23	59.370	5
none	1	A	2	23	55.493	5
dv	0.1	A	2	23	163.989	5
dv	0.1	B	2	23	225.151	5
dv	0.1	C	2	23	167.309	5
dv	0.1	D	2	23	3244.749	5
dv	0.01	A	2	23	110.366	5
dv	0.01	B	2	23	27.403	5
dv	0.01	C	2	23	20.560	5
dv	0.01	D	2	23	169.094	5
dv	0.001	A	2	23	36.268	5
dv	0.001	B	2	23	7.583	5
dv	0.001	C	2	23	4.999	5
dv	0.001	D	2	23	80.948	5
dv	0.0001	A	2	23	27.643	5
dv	0.0001	B	2	23	6.709	5
dv	0.0001	C	2	23	4.027	5
dv	0.0001	D	2	23	68.862	5
lex	0.1	A	2	23	169.074	5
lex	0.1	B	2	23	192.188	5
lex	0.1	C	2	23	130.096	5
lex	0.1	D	2	23	3239.876	5
lex	0.01	A	2	23	102.562	5
lex	0.01	B	2	23	19.412	5
lex	0.01	C	2	23	9.895	5
lex	0.01	D	2	23	158.441	5
lex	0.001	A	2	23	30.742	5
lex	0.001	B	2	23	3.491	5
lex	0.001	C	2	23	0.981	5
lex	0.001	D	2	23	68.675	5
lex	0.0001	A	2	23	22.570	5
lex	0.0001	B	2	23	2.224	5
lex	0.0001	C	2	23	0.083	5
lex	0.0001	D	2	23	57.544	5
none	1	A	1	24	109.217	5
dv	0.1	A	1	24	61.938	5
dv	0.1	B	1	24	265.447	5
dv	0.1	C	1	24	166.615	5
dv	0.1	D	1	24	3126.733	5
dv	0.01	A	1	24	63.680	5
dv	0.01	B	1	24	64.064	5
dv	0.01	C	1	24	23.175	5
dv	0.01	D	1	24	211.005	5
dv	0.001	A	1	24	36.719	5
dv	0.001	B	1	24	43.633	5
dv	0.001	C	1	24	4.911	5
dv	0.001	D	1	24	121.041	5
dv	0.0001	A	1	24	27.912	5
dv	0.0001	B	1	24	39.396	5
dv	0.0001	C	1	24	4.194	5
dv	0.0001	D	1	24	106.868	5
lex	0.1	A	1	24	55.037	5
lex	0.1	B	1	24	234.477	5
lex	0.1	C	1	24	126.570	5
lex	0.1	D	1	24	3151.407	5
lex	0.01	A	1	24	53.726	5
lex	0.01	B	1	24	57.017	5
lex	0.01	C	1	24	9.660	5
lex	0.01	D	1	24	201.642	5
lex	0.001	A	1	24	31.413	5
lex	0.001	B	1	24	32.294	5
lex	0.001	C	1	24	1.053	5
lex	0.001	D	1	24	113.246	5
lex	0.0001	A	1	24	22.705	5
lex	0.0001	B	1	24	27.628	5
lex	0.0001	C	1	24	0.081	5
lex	0.0001	D	1	24	104.637	5
none	1	A	2	24	111.810	5
dv	0.1	A	2	24	62.748	5
dv	0.1	B	2	24	269.049	5
dv	0.1	C	2	24	166.437	5
dv	0.1	D	2	24	3342.300	5
dv	0.01	A	2	24	62.307	5
dv	0.01	B	2	24	62.253	5
dv	0.01	C	2	24	19.461	5
dv	0.01	D	2	24	210.937	5
dv	0.001	A	2	24	36.233	5
dv	0.001	B	2	24	40.300	5
dv	0.001	C	2	24	4.973	5
dv	0.001	D	2	24	119.991	5
dv	0.0001	A	2	24	27.568	5
dv	0.0001	B	2	24	41.536	5
dv	0.0001	C	2	24	3.857	5
dv	0.0001	D	2	24	104.562	5
lex	0.1	A	2	24	55.039	5
lex	0.1	B	2	24	233.122	5
lex	0.1	C	2	24	126.050	5
lex	0.1	D	2	24	3286.721	5
lex	0.01	A	2	24	54.085	5
lex	0.01	B	2	24	59.064	5
lex	0.01	C	2	24	9.207	5
lex	0.01	D	2	24	204.370	5
lex	0.001	A	2	24	31.131	5
lex	0.001	B	2	24	29.930	5
lex	0.001	C	2	24	1.032	5
lex	0.001	D	2	24	117.358	5
lex	0.0001	A	2	24	22.997	5
lex	0.0001	B	2	24	28.776	5
lex	0.0001	C	2	24	0.084	5
lex	0.0001	D	2	24	104.387	5
none	1	A	1	25	99.529	5
dv	0.1	A	1	25	65.018	5
dv	0.1	B	1	25	276.064	5
dv	0.1	C	1	25	169.220	5
dv	0.1	D	1	25	3165.979	5
dv	0.01	A	1	25	53.840	5
dv	0.01	B	1	25	73.018	5
dv	0.01	C	1	25	22.333	5
dv	0.01	D	1	25	222.667	5
dv	0.001	A	1	25	37.271	5
dv	0.001	B	1	25	55.107	5
dv	0.001	C	1	25	4.984	5
dv	0.001	D	1	25	129.667	5
dv	0.0001	A	1	25	28.060	5
dv	0.0001	B	1	25	49.585	5
dv	0.0001	C	1	25	4.015	5
dv	0.0001	D	1	25	112.578	5
lex	0.1	A	1	25	58.563	5
lex	0.1	B	1	25	244.175	5
lex	0.1	C	1	25	127.571	5
lex	0.1	D	1	25	3176.640	5
lex	0.01	A	1	25	47.432	5
lex	0.01	B	1	25	68.616	5
lex	0.01	C	1	25	9.236	5
lex	0.01	D	1	25	217.291	5
lex	0.001	A	1	25	31.734	5
lex	0.001	B	1	25	44.449	5
lex	0.001	C	1	25	1.046	5
lex	0.001	D	1	25	128.289	5
lex	0.0001	A	1	25	22.825	5
lex	0.0001	B	1	25	46.808	5
lex	0.0001	C	1	25	0.082	5
lex	0.0001	D	1	25	118.741	5
none	1	A	2	25	102.494	5
dv	0.1	A	2	25	64.832	5
dv	0.1	B	2	25	279.701	5
dv	0.1	C	2	25	167.637	5
dv	0.1	D	2	25	3311.128	5
dv	0.01	A	2	25	54.179	5
dv	0.01	B	2	25	69.921	5
dv	0.01	C	2	25	20.754	5
dv	0.01	D	2	25	221.804	5
dv	0.001	A	2	25	36.714	5
dv	0.001	B	2	25	52.623	5
dv	0.001	C	2	25	4.833	5
dv	0.001	D	2	25	131.921	5
dv	0.0001	A	2	25	28.153	5
dv	0.0001	B	2	25	49.417	5
dv	0.0001	C	2	25	4.145	5
dv	0.0001	D	2	25	115.281	5
lex	0.1	A	2	25	59.825	5
lex	0.1	B	2	25	246.510	5
lex	0.1	C	2	25	127.695	5
lex	0.1	D	2	25	3183.074	5
lex	0.01	A	2	25	47.171	5
lex	0.01	B	2	25	71.884	5
lex	0.01	C	2	25	11.157	5
lex	0.01	D	2	25	215.335	5
lex	0.001	A	2	25	31.574	5
lex	0.001	B	2	25	45.674	5
lex	0.001	C	2	25	0.973	5
lex	0.001	D	2	25	128.841	5
lex	0.0001	A	2	25	22.881	5
lex	0.0001	B	2	25	38.665	5
lex	0.0001	C	2	25	0.082	5
lex	0.0001	D	2	25	117.059	5
